t_s,throttle,gear,wheel_angvel,rpm_norm_fixed,rpm_norm_buggy,ratio_fixed,ratio_buggy
0.000,0.00,1,0.0000,0.1500,0.1500,0.8145,0.8145
0.050,0.00,1,0.0000,0.1500,0.1500,0.8145,0.8145
0.100,0.00,1,0.0000,0.1500,0.1500,0.8145,0.8145
0.150,0.00,1,0.0000,0.1500,0.1500,0.8145,0.8145
0.200,0.00,1,0.0000,0.1500,0.1500,0.8145,0.8145
0.250,0.00,1,0.0000,0.1500,0.1500,0.8145,0.8145
0.300,0.00,1,0.0000,0.1500,0.1500,0.8145,0.8145
0.350,0.00,1,0.0000,0.1500,0.1500,0.8145,0.8145
0.400,0.00,1,0.0000,0.1500,0.1500,0.8145,0.8145
0.450,0.00,1,0.0000,0.1500,0.1500,0.8145,0.8145
0.500,0.00,1,0.0000,0.1500,0.1500,0.8145,0.8145
0.550,0.00,1,0.0000,0.1500,0.1500,0.8145,0.8145
0.600,0.00,1,0.0000,0.1500,0.1500,0.8145,0.8145
0.650,0.00,1,0.0000,0.1500,0.1500,0.8145,0.8145
0.700,0.00,1,0.0000,0.1500,0.1500,0.8145,0.8145
0.750,0.00,1,0.0000,0.1500,0.1500,0.8145,0.8145
0.800,0.00,1,0.0000,0.1500,0.1500,0.8145,0.8145
0.850,0.00,1,0.0000,0.1500,0.1500,0.8145,0.8145
0.900,0.00,1,0.0000,0.1500,0.1500,0.8145,0.8145
0.950,0.00,1,0.0000,0.1500,0.1500,0.8145,0.8145
1.000,0.00,1,0.0000,0.1500,0.1500,0.8145,0.8145
1.050,0.00,1,0.0000,0.1500,0.1500,0.8145,0.8145
1.100,0.00,1,0.0000,0.1500,0.1500,0.8145,0.8145
1.150,0.00,1,0.0000,0.1500,0.1500,0.8145,0.8145
1.200,0.00,1,0.0000,0.1500,0.1500,0.8145,0.8145
1.250,0.00,1,0.0000,0.1500,0.1500,0.8145,0.8145
1.300,0.00,1,0.0000,0.1500,0.1500,0.8145,0.8145
1.350,0.00,1,0.0000,0.1500,0.1500,0.8145,0.8145
1.400,0.00,1,0.0000,0.1500,0.1500,0.8145,0.8145
1.450,0.00,1,0.0000,0.1500,0.1500,0.8145,0.8145
1.500,0.00,1,0.0000,0.1500,0.1500,0.8145,0.8145
1.550,0.00,1,0.0000,0.1500,0.1500,0.8145,0.8145
1.600,0.00,1,0.0000,0.1500,0.1500,0.8145,0.8145
1.650,0.00,1,0.0000,0.1500,0.1500,0.8145,0.8145
1.700,0.00,1,0.0000,0.1500,0.1500,0.8145,0.8145
1.750,0.00,1,0.0000,0.1500,0.1500,0.8145,0.8145
1.800,0.00,1,0.0000,0.1500,0.1500,0.8145,0.8145
1.850,0.00,1,0.0000,0.1500,0.1500,0.8145,0.8145
1.900,0.00,1,0.0000,0.1500,0.1500,0.8145,0.8145
1.950,0.00,1,0.0000,0.1500,0.1500,0.8145,0.8145
2.000,0.00,1,0.0000,0.1500,0.1500,0.8145,0.8145
2.050,0.00,1,0.0000,0.1500,0.1500,0.8145,0.8145
2.100,0.00,1,0.0000,0.1500,0.1500,0.8145,0.8145
2.150,0.00,1,0.0000,0.1500,0.1500,0.8145,0.8145
2.200,0.00,1,0.0000,0.1500,0.1500,0.8145,0.8145
2.250,0.00,1,0.0000,0.1500,0.1500,0.8145,0.8145
2.300,0.00,1,0.0000,0.1500,0.1500,0.8145,0.8145
2.350,0.00,1,0.0000,0.1500,0.1500,0.8145,0.8145
2.400,0.00,1,0.0000,0.1500,0.1500,0.8145,0.8145
2.450,0.00,1,0.0000,0.1500,0.1500,0.8145,0.8145
2.500,0.00,1,0.0000,0.1500,0.1500,0.8145,0.8145
2.550,0.00,1,0.0000,0.1500,0.1500,0.8145,0.8145
2.600,0.00,1,0.0000,0.1500,0.1500,0.8145,0.8145
2.650,0.00,1,0.0000,0.1500,0.1500,0.8145,0.8145
2.700,0.00,1,0.0000,0.1500,0.1500,0.8145,0.8145
2.750,0.00,1,0.0000,0.1500,0.1500,0.8145,0.8145
2.800,0.00,1,0.0000,0.1500,0.1500,0.8145,0.8145
2.850,0.00,1,0.0000,0.1500,0.1500,0.8145,0.8145
2.900,0.00,1,0.0000,0.1500,0.1500,0.8145,0.8145
2.950,0.00,1,0.0000,0.1500,0.1500,0.8145,0.8145
3.000,0.00,1,0.0000,0.1500,0.1500,0.8145,0.8145
3.050,0.00,1,0.0000,0.1500,0.1500,0.8145,0.8145
3.100,0.00,1,0.0000,0.1500,0.1500,0.8145,0.8145
3.150,0.00,1,0.0000,0.1500,0.1500,0.8145,0.8145
3.200,0.00,1,0.0000,0.1500,0.1500,0.8145,0.8145
3.250,0.00,1,0.0000,0.1500,0.1500,0.8145,0.8145
3.300,0.00,1,0.0000,0.1500,0.1500,0.8145,0.8145
3.350,0.00,1,0.0000,0.1500,0.1500,0.8145,0.8145
3.400,0.00,1,0.0000,0.1500,0.1500,0.8145,0.8145
3.450,0.00,1,0.0000,0.1500,0.1500,0.8145,0.8145
3.500,0.00,1,0.0000,0.1500,0.1500,0.8145,0.8145
3.550,0.00,1,0.0000,0.1500,0.1500,0.8145,0.8145
3.600,0.00,1,0.0000,0.1500,0.1500,0.8145,0.8145
3.650,0.00,1,0.0000,0.1500,0.1500,0.8145,0.8145
3.700,0.00,1,0.0000,0.1500,0.1500,0.8145,0.8145
3.750,0.00,1,0.0000,0.1500,0.1500,0.8145,0.8145
3.800,0.00,1,0.0000,0.1500,0.1500,0.8145,0.8145
3.850,0.00,1,0.0000,0.1500,0.1500,0.8145,0.8145
3.900,0.00,1,0.0000,0.1500,0.1500,0.8145,0.8145
3.950,0.00,1,0.0000,0.1500,0.1500,0.8145,0.8145
4.000,0.00,1,0.0000,0.1500,0.1500,0.8145,0.8145
4.050,0.00,1,0.0000,0.1500,0.1500,0.8145,0.8145
4.100,0.00,1,0.0000,0.1500,0.1500,0.8145,0.8145
4.150,0.00,1,0.0000,0.1500,0.1500,0.8145,0.8145
4.200,0.00,1,0.0000,0.1500,0.1500,0.8145,0.8145
4.250,0.00,1,0.0000,0.1500,0.1500,0.8145,0.8145
4.300,0.00,1,0.0000,0.1500,0.1500,0.8145,0.8145
4.350,0.00,1,0.0000,0.1500,0.1500,0.8145,0.8145
4.400,0.00,1,0.0000,0.1500,0.1500,0.8145,0.8145
4.450,0.00,1,0.0000,0.1500,0.1500,0.8145,0.8145
4.500,0.00,1,0.0000,0.1500,0.1500,0.8145,0.8145
4.550,0.00,1,0.0000,0.1500,0.1500,0.8145,0.8145
4.600,0.00,1,0.0000,0.1500,0.1500,0.8145,0.8145
4.650,0.00,1,0.0000,0.1500,0.1500,0.8145,0.8145
4.700,0.00,1,0.0000,0.1500,0.1500,0.8145,0.8145
4.750,0.00,1,0.0000,0.1500,0.1500,0.8145,0.8145
4.800,0.00,1,0.0000,0.1500,0.1500,0.8145,0.8145
4.850,0.00,1,0.0000,0.1500,0.1500,0.8145,0.8145
4.900,0.00,1,0.0000,0.1500,0.1500,0.8145,0.8145
4.950,0.00,1,0.0000,0.1500,0.1500,0.8145,0.8145
5.000,1.00,1,0.2083,0.1500,0.1500,0.8145,0.8145
5.050,1.00,1,0.4080,0.1500,0.1500,0.8145,0.8145
5.100,1.00,1,0.5993,0.1500,0.1500,0.8145,0.8145
5.150,1.00,1,0.7827,0.1565,0.1500,0.8173,0.8145
5.200,1.00,1,0.9584,0.1917,0.1500,0.8324,0.8145
5.250,1.00,1,1.1268,0.2254,0.1500,0.8469,0.8145
5.300,1.00,1,1.2882,0.2576,0.1500,0.8608,0.8145
5.350,1.00,1,1.4428,0.2886,0.1500,0.8741,0.8145
5.400,1.00,1,1.5911,0.3182,0.1500,0.8868,0.8145
5.450,1.00,1,1.7331,0.3466,0.1500,0.8990,0.8145
5.500,1.00,1,1.8692,0.3738,0.1500,0.9108,0.8145
5.550,1.00,1,1.9997,0.3999,0.1500,0.9220,0.8145
5.600,1.00,1,2.1247,0.4249,0.1500,0.9327,0.8145
5.650,1.00,1,2.2445,0.4489,0.1500,0.9430,0.8145
5.700,1.00,1,2.3593,0.4719,0.1500,0.9529,0.8145
5.750,1.00,1,2.4693,0.4939,0.1500,0.9624,0.8145
5.800,1.00,1,2.5748,0.5150,0.1500,0.9714,0.8145
5.850,1.00,1,2.6758,0.5352,0.1500,0.9801,0.8145
5.900,1.00,1,2.7727,0.5545,0.1500,0.9884,0.8145
5.950,1.00,1,2.8655,0.5731,0.1500,0.9964,0.8145
6.000,1.00,1,2.9544,0.5909,0.1500,1.0041,0.8145
6.050,1.00,1,3.0396,0.6079,0.1500,1.0114,0.8145
6.100,1.00,1,3.1213,0.6243,0.1500,1.0184,0.8145
6.150,1.00,1,3.1996,0.6399,0.1500,1.0252,0.8145
6.200,1.00,1,3.2746,0.6549,0.1500,1.0316,0.8145
6.250,1.00,1,3.3465,0.6693,0.1521,1.0378,0.8154
6.300,1.00,1,3.4154,0.6831,0.1552,1.0437,0.8168
6.350,1.00,1,3.4814,0.6963,0.1582,1.0494,0.8180
6.400,1.00,1,3.5447,0.7089,0.1611,1.0548,0.8193
6.450,1.00,1,3.6053,0.7211,0.1639,1.0601,0.8205
6.500,1.00,1,3.6635,0.7327,0.1665,1.0651,0.8216
6.550,1.00,1,3.7191,0.7438,0.1691,1.0698,0.8227
6.600,1.00,1,3.7725,0.7545,0.1715,1.0744,0.8237
6.650,1.00,1,3.8237,0.7647,0.1738,1.0788,0.8247
6.700,1.00,1,3.8727,0.7745,0.1760,1.0830,0.8257
6.750,1.00,1,3.9196,0.7839,0.1782,1.0871,0.8266
6.800,1.00,1,3.9647,0.7929,0.1802,1.0910,0.8275
6.850,1.00,1,4.0078,0.8016,0.1822,1.0947,0.8283
6.900,1.00,1,4.0491,0.8098,0.1841,1.0982,0.8291
6.950,1.00,1,4.0888,0.8178,0.1859,1.1016,0.8299
7.000,1.00,1,4.1267,0.8253,0.1876,1.1049,0.8307
7.050,1.00,1,4.1631,0.8326,0.1892,1.1080,0.8314
7.100,1.00,1,4.1980,0.8396,0.1908,1.1110,0.8321
7.150,1.00,1,4.2314,0.8463,0.1923,1.1139,0.8327
7.200,1.00,1,4.2634,0.8527,0.1938,1.1167,0.8333
7.250,1.00,1,4.2941,0.8588,0.1952,1.1193,0.8339
7.300,1.00,1,4.3235,0.8647,0.1965,1.1218,0.8345
7.350,1.00,1,4.3517,0.8703,0.1978,1.1242,0.8351
7.400,1.00,1,4.3787,0.8757,0.1990,1.1266,0.8356
7.450,1.00,1,4.4046,0.8809,0.2002,1.1288,0.8361
7.500,1.00,1,4.4294,0.8859,0.2013,1.1309,0.8366
7.550,1.00,1,4.4532,0.8906,0.2024,1.1330,0.8370
7.600,1.00,1,4.4760,0.8952,0.2035,1.1349,0.8375
7.650,1.00,1,4.4978,0.8996,0.2044,1.1368,0.8379
7.700,1.00,1,4.5187,0.9037,0.2054,1.1386,0.8383
7.750,1.00,1,4.5388,0.9078,0.2063,1.1403,0.8387
7.800,1.00,1,4.5580,0.9116,0.2072,1.1420,0.8391
7.850,1.00,1,4.5764,0.9153,0.2080,1.1436,0.8394
7.900,1.00,1,4.5941,0.9188,0.2088,1.1451,0.8398
7.950,1.00,1,4.6110,0.9222,0.2096,1.1465,0.8401
8.000,1.00,1,4.6272,0.9254,0.2103,1.1479,0.8404
8.050,1.00,1,4.6427,0.9285,0.2110,1.1493,0.8407
8.100,1.00,1,4.6576,0.9315,0.2117,1.1506,0.8410
8.150,1.00,1,4.6719,0.9344,0.2124,1.1518,0.8413
8.200,1.00,1,4.6856,0.9371,0.2130,1.1530,0.8416
8.250,1.00,1,4.6987,0.9397,0.2136,1.1541,0.8418
8.300,1.00,1,4.7112,0.9422,0.2141,1.1552,0.8421
8.350,1.00,1,4.7232,0.9446,0.2147,1.1562,0.8423
8.400,1.00,1,4.7348,0.9470,0.2152,1.1572,0.8425
8.450,1.00,1,4.7458,0.9492,0.2157,1.1581,0.8428
8.500,1.00,1,4.7564,0.9513,0.2162,1.1591,0.8430
8.550,1.00,1,4.7666,0.9533,0.2167,1.1599,0.8432
8.600,1.00,1,4.7763,0.9553,0.2171,1.1608,0.8434
8.650,1.00,1,4.7856,0.9571,0.2175,1.1616,0.8435
8.700,1.00,1,4.7945,0.9589,0.2179,1.1623,0.8437
8.750,1.00,1,4.8031,0.9606,0.2183,1.1631,0.8439
8.800,1.00,1,4.8113,0.9623,0.2187,1.1638,0.8440
8.850,1.00,1,4.8192,0.9638,0.2191,1.1644,0.8442
8.900,1.00,1,4.8267,0.9653,0.2194,1.1651,0.8443
8.950,1.00,1,4.8339,0.9668,0.2197,1.1657,0.8445
9.000,0.00,1,4.6325,0.9265,0.2106,1.1484,0.8405
9.050,0.00,1,4.4395,0.8879,0.2018,1.1318,0.8368
9.100,0.00,1,4.2545,0.8509,0.1934,1.1159,0.8332
9.150,0.00,1,4.0772,0.8154,0.1853,1.1006,0.8297
9.200,0.00,1,3.9074,0.7815,0.1776,1.0860,0.8264
9.250,0.00,1,3.7446,0.7489,0.1702,1.0720,0.8232
9.300,0.00,1,3.5885,0.7177,0.1631,1.0586,0.8201
9.350,0.00,1,3.4390,0.6878,0.1563,1.0458,0.8172
9.400,0.00,1,3.2957,0.6591,0.1500,1.0334,0.8145
9.450,0.00,1,3.1584,0.6317,0.1500,1.0216,0.8145
9.500,0.00,1,3.0268,0.6054,0.1500,1.0103,0.8145
9.550,0.00,1,2.9007,0.5801,0.1500,0.9995,0.8145
9.600,0.00,1,2.7798,0.5560,0.1500,0.9891,0.8145
9.650,0.00,1,2.6640,0.5328,0.1500,0.9791,0.8145
9.700,0.00,1,2.5530,0.5106,0.1500,0.9696,0.8145
9.750,0.00,1,2.4466,0.4893,0.1500,0.9604,0.8145
9.800,0.00,1,2.3447,0.4689,0.1500,0.9516,0.8145
9.850,0.00,1,2.2470,0.4494,0.1500,0.9432,0.8145
9.900,0.00,1,2.1534,0.4307,0.1500,0.9352,0.8145
9.950,0.00,1,2.0636,0.4127,0.1500,0.9275,0.8145
10.000,0.00,1,1.9776,0.3955,0.1500,0.9201,0.8145
10.050,0.00,1,1.8952,0.3790,0.1500,0.9130,0.8145
10.100,0.00,1,1.8163,0.3633,0.1500,0.9062,0.8145
10.150,0.00,1,1.7406,0.3481,0.1500,0.8997,0.8145
10.200,0.00,1,1.6681,0.3336,0.1500,0.8935,0.8145
10.250,0.00,1,1.5986,0.3197,0.1500,0.8875,0.8145
10.300,0.00,1,1.5320,0.3064,0.1500,0.8817,0.8145
10.350,0.00,1,1.4681,0.2936,0.1500,0.8763,0.8145
10.400,0.00,1,1.4070,0.2814,0.1500,0.8710,0.8145
10.450,0.00,1,1.3483,0.2697,0.1500,0.8660,0.8145
10.500,0.00,1,1.2922,0.2584,0.1500,0.8611,0.8145
10.550,0.00,1,1.2383,0.2477,0.1500,0.8565,0.8145
10.600,0.00,1,1.1867,0.2373,0.1500,0.8521,0.8145
10.650,0.00,1,1.1373,0.2275,0.1500,0.8478,0.8145
10.700,0.00,1,1.0899,0.2180,0.1500,0.8437,0.8145
10.750,0.00,1,1.0445,0.2089,0.1500,0.8398,0.8145
10.800,0.00,1,1.0010,0.2002,0.1500,0.8361,0.8145
10.850,0.00,1,0.9592,0.1918,0.1500,0.8325,0.8145
10.900,0.00,1,0.9193,0.1839,0.1500,0.8291,0.8145
10.950,0.00,1,0.8810,0.1762,0.1500,0.8258,0.8145
11.000,0.00,1,0.8443,0.1689,0.1500,0.8226,0.8145
11.050,0.00,1,0.8091,0.1618,0.1500,0.8196,0.8145
11.100,0.00,1,0.7754,0.1551,0.1500,0.8167,0.8145
11.150,0.00,1,0.7431,0.1500,0.1500,0.8145,0.8145
11.200,0.00,1,0.7121,0.1500,0.1500,0.8145,0.8145
11.250,0.00,1,0.6824,0.1500,0.1500,0.8145,0.8145
11.300,0.00,1,0.6540,0.1500,0.1500,0.8145,0.8145
11.350,0.00,1,0.6268,0.1500,0.1500,0.8145,0.8145
11.400,0.00,1,0.6006,0.1500,0.1500,0.8145,0.8145
11.450,0.00,1,0.5756,0.1500,0.1500,0.8145,0.8145
11.500,0.00,1,0.5516,0.1500,0.1500,0.8145,0.8145
11.550,0.00,1,0.5286,0.1500,0.1500,0.8145,0.8145
11.600,0.00,1,0.5066,0.1500,0.1500,0.8145,0.8145
11.650,0.00,1,0.4855,0.1500,0.1500,0.8145,0.8145
11.700,0.00,1,0.4653,0.1500,0.1500,0.8145,0.8145
11.750,0.00,1,0.4459,0.1500,0.1500,0.8145,0.8145
11.800,0.00,1,0.4273,0.1500,0.1500,0.8145,0.8145
11.850,0.00,1,0.4095,0.1500,0.1500,0.8145,0.8145
11.900,0.00,1,0.3924,0.1500,0.1500,0.8145,0.8145
11.950,0.00,1,0.3761,0.1500,0.1500,0.8145,0.8145
12.000,1.00,1,0.5688,0.1500,0.1500,0.8145,0.8145
12.050,1.00,1,0.7534,0.1507,0.1500,0.8148,0.8145
12.100,1.00,1,0.9303,0.1861,0.1500,0.8300,0.8145
12.150,1.00,1,1.0999,0.2200,0.1500,0.8446,0.8145
12.200,1.00,1,1.2624,0.2525,0.1500,0.8586,0.8145
12.250,1.00,1,1.4181,0.2836,0.1500,0.8720,0.8145
12.300,1.00,1,1.5674,0.3135,0.1500,0.8848,0.8145
12.350,1.00,1,1.7104,0.3421,0.1500,0.8971,0.8145
12.400,1.00,1,1.8475,0.3695,0.1500,0.9089,0.8145
12.450,1.00,1,1.9788,0.3958,0.1500,0.9202,0.8145
12.500,1.00,1,2.1047,0.4209,0.1500,0.9310,0.8145
12.550,1.00,1,2.2254,0.4451,0.1500,0.9414,0.8145
12.600,1.00,1,2.3410,0.4682,0.1500,0.9513,0.8145
12.650,1.00,1,2.4518,0.4904,0.1500,0.9609,0.8145
12.700,1.00,1,2.5579,0.5116,0.1500,0.9700,0.8145
12.750,1.00,1,2.6597,0.5319,0.1500,0.9787,0.8145
12.800,1.00,1,2.7572,0.5514,0.1500,0.9871,0.8145
12.850,1.00,1,2.8506,0.5701,0.1500,0.9952,0.8145
12.900,1.00,1,2.9402,0.5880,0.1500,1.0029,0.8145
12.950,1.00,1,3.0260,0.6052,0.1500,1.0102,0.8145
13.000,1.00,1,3.1083,0.6217,0.1500,1.0173,0.8145
13.050,1.00,1,3.1871,0.6374,0.1500,1.0241,0.8145
13.100,1.00,1,3.2626,0.6525,0.1500,1.0306,0.8145
13.150,1.00,1,3.3350,0.6670,0.1516,1.0368,0.8152
13.200,1.00,1,3.4044,0.6809,0.1547,1.0428,0.8165
13.250,1.00,1,3.4709,0.6942,0.1578,1.0485,0.8178
13.300,1.00,1,3.5346,0.7069,0.1607,1.0540,0.8191
13.350,1.00,1,3.5957,0.7191,0.1634,1.0592,0.8203
13.400,1.00,1,3.6542,0.7308,0.1661,1.0643,0.8214
13.450,1.00,1,3.7102,0.7420,0.1686,1.0691,0.8225
13.500,1.00,1,3.7640,0.7528,0.1711,1.0737,0.8236
13.550,1.00,1,3.8155,0.7631,0.1734,1.0781,0.8246
13.600,1.00,1,3.8648,0.7730,0.1757,1.0824,0.8255
13.650,1.00,1,3.9121,0.7824,0.1778,1.0864,0.8265
13.700,1.00,1,3.9575,0.7915,0.1799,1.0903,0.8274
13.750,1.00,1,4.0009,0.8002,0.1819,1.0941,0.8282
13.800,1.00,1,4.0425,0.8085,0.1838,1.0977,0.8290
13.850,1.00,1,4.0824,0.8165,0.1856,1.1011,0.8298
13.900,1.00,1,4.1207,0.8241,0.1873,1.1044,0.8305
13.950,1.00,1,4.1573,0.8315,0.1890,1.1075,0.8313
14.000,1.00,1,4.1924,0.8385,0.1906,1.1105,0.8319
14.050,1.00,1,4.2261,0.8452,0.1921,1.1134,0.8326
14.100,1.00,1,4.2583,0.8517,0.1936,1.1162,0.8332
14.150,1.00,1,4.2892,0.8578,0.1950,1.1189,0.8338
14.200,1.00,1,4.3188,0.8638,0.1963,1.1214,0.8344
14.250,1.00,1,4.3472,0.8694,0.1976,1.1239,0.8350
14.300,1.00,1,4.3744,0.8749,0.1988,1.1262,0.8355
14.350,1.00,1,4.4005,0.8801,0.2000,1.1284,0.8360
14.400,1.00,1,4.4255,0.8851,0.2012,1.1306,0.8365
14.450,1.00,1,4.4494,0.8899,0.2022,1.1326,0.8370
14.500,1.00,1,4.4723,0.8945,0.2033,1.1346,0.8374
14.550,1.00,1,4.4943,0.8989,0.2043,1.1365,0.8378
14.600,1.00,1,4.5154,0.9031,0.2052,1.1383,0.8383
14.650,1.00,1,4.5356,0.9071,0.2062,1.1401,0.8387
14.700,1.00,1,4.5549,0.9110,0.2070,1.1417,0.8390
14.750,1.00,1,4.5735,0.9147,0.2079,1.1433,0.8394
14.800,1.00,1,4.5913,0.9183,0.2087,1.1448,0.8397
14.850,1.00,1,4.6083,0.9217,0.2095,1.1463,0.8401
14.900,1.00,1,4.6246,0.9249,0.2102,1.1477,0.8404
14.950,1.00,1,4.6402,0.9280,0.2109,1.1491,0.8407
15.000,1.00,1,4.6552,0.9310,0.2116,1.1504,0.8410
15.050,1.00,1,4.6696,0.9339,0.2123,1.1516,0.8413
15.100,1.00,1,4.6834,0.9367,0.2129,1.1528,0.8415
15.150,1.00,1,4.6966,0.9393,0.2135,1.1539,0.8418
15.200,1.00,1,4.7092,0.9418,0.2141,1.1550,0.8420
15.250,1.00,1,4.7213,0.9443,0.2146,1.1560,0.8423
15.300,1.00,1,4.7329,0.9466,0.2151,1.1570,0.8425
15.350,1.00,1,4.7441,0.9488,0.2156,1.1580,0.8427
15.400,1.00,1,4.7547,0.9509,0.2161,1.1589,0.8429
15.450,1.00,1,4.7649,0.9530,0.2166,1.1598,0.8431
15.500,1.00,1,4.7747,0.9549,0.2170,1.1606,0.8433
15.550,1.00,1,4.7841,0.9568,0.2175,1.1614,0.8435
15.600,1.00,1,4.7931,0.9586,0.2179,1.1622,0.8437
15.650,1.00,1,4.8017,0.9603,0.2183,1.1629,0.8439
15.700,1.00,1,4.8100,0.9620,0.2186,1.1637,0.8440
15.750,1.00,1,4.8179,0.9636,0.2190,1.1643,0.8442
15.800,1.00,1,4.8255,0.9651,0.2193,1.1650,0.8443
15.850,1.00,1,4.8328,0.9666,0.2197,1.1656,0.8445
15.900,1.00,1,4.8397,0.9679,0.2200,1.1662,0.8446
15.950,1.00,1,4.8464,0.9693,0.2203,1.1668,0.8447
16.000,1.00,1,4.8528,0.9706,0.2206,1.1673,0.8449
16.050,1.00,1,4.8590,0.9718,0.2209,1.1679,0.8450
16.100,1.00,1,4.8648,0.9730,0.2211,1.1684,0.8451
16.150,1.00,1,4.8705,0.9741,0.2214,1.1689,0.8452
16.200,1.00,1,4.8759,0.9752,0.2216,1.1693,0.8453
16.250,1.00,1,4.8810,0.9762,0.2219,1.1698,0.8454
16.300,1.00,1,4.8860,0.9772,0.2221,1.1702,0.8455
16.350,1.00,1,4.8907,0.9781,0.2223,1.1706,0.8456
16.400,1.00,1,4.8953,0.9791,0.2225,1.1710,0.8457
16.450,1.00,1,4.8997,0.9799,0.2227,1.1714,0.8458
16.500,1.00,1,4.9038,0.9808,0.2229,1.1717,0.8458
16.550,1.00,1,4.9078,0.9816,0.2231,1.1721,0.8459
16.600,1.00,1,4.9117,0.9823,0.2233,1.1724,0.8460
16.650,1.00,1,4.9154,0.9831,0.2234,1.1727,0.8461
16.700,1.00,1,4.9189,0.9838,0.2236,1.1730,0.8461
16.750,1.00,1,4.9223,0.9845,0.2237,1.1733,0.8462
16.800,1.00,1,4.9255,0.9851,0.2239,1.1736,0.8463
16.850,1.00,1,4.9286,0.9857,0.2240,1.1739,0.8463
16.900,1.00,1,4.9316,0.9863,0.2242,1.1741,0.8464
16.950,1.00,1,4.9344,0.9869,0.2243,1.1744,0.8464
17.000,1.00,1,4.9372,0.9874,0.2244,1.1746,0.8465
17.050,1.00,1,4.9398,0.9880,0.2245,1.1748,0.8466
17.100,1.00,1,4.9423,0.9885,0.2246,1.1750,0.8466
17.150,1.00,1,4.9447,0.9889,0.2248,1.1752,0.8466
17.200,1.00,1,4.9470,0.9894,0.2249,1.1754,0.8467
17.250,1.00,1,4.9492,0.9898,0.2250,1.1756,0.8467
17.300,1.00,1,4.9513,0.9903,0.2251,1.1758,0.8468
17.350,1.00,1,4.9534,0.9907,0.2252,1.1760,0.8468
17.400,1.00,1,4.9553,0.9911,0.2252,1.1762,0.8469
17.450,1.00,1,4.9572,0.9914,0.2253,1.1763,0.8469
17.500,1.00,1,4.9589,0.9918,0.2254,1.1765,0.8469
17.550,1.00,1,4.9607,0.9921,0.2255,1.1766,0.8470
17.600,1.00,1,4.9623,0.9925,0.2256,1.1768,0.8470
17.650,1.00,1,4.9639,0.9928,0.2256,1.1769,0.8470
17.700,1.00,1,4.9654,0.9931,0.2257,1.1770,0.8471
17.750,1.00,1,4.9668,0.9934,0.2258,1.1771,0.8471
17.800,1.00,1,4.9682,0.9936,0.2258,1.1773,0.8471
17.850,1.00,1,4.9695,0.9939,0.2259,1.1774,0.8471
17.900,1.00,1,4.9708,0.9942,0.2259,1.1775,0.8472
17.950,1.00,1,4.9720,0.9944,0.2260,1.1776,0.8472
18.000,1.00,1,4.9732,0.9946,0.2261,1.1777,0.8472
18.050,1.00,1,4.9743,0.9949,0.2261,1.1778,0.8472
18.100,1.00,1,4.9754,0.9951,0.2262,1.1779,0.8472
18.150,1.00,1,4.9764,0.9953,0.2262,1.1780,0.8473
18.200,1.00,1,4.9774,0.9955,0.2262,1.1781,0.8473
18.250,1.00,1,4.9783,0.9957,0.2263,1.1781,0.8473
18.300,1.00,1,4.9792,0.9958,0.2263,1.1782,0.8473
18.350,1.00,1,4.9801,0.9960,0.2264,1.1783,0.8473
18.400,1.00,1,4.9809,0.9962,0.2264,1.1784,0.8474
18.450,1.00,1,4.9817,0.9963,0.2264,1.1784,0.8474
18.500,1.00,1,4.9825,0.9965,0.2265,1.1785,0.8474
18.550,1.00,1,4.9832,0.9966,0.2265,1.1786,0.8474
18.600,1.00,1,4.9839,0.9968,0.2265,1.1786,0.8474
18.650,1.00,1,4.9846,0.9969,0.2266,1.1787,0.8474
18.700,1.00,1,4.9852,0.9970,0.2266,1.1787,0.8474
18.750,1.00,1,4.9858,0.9972,0.2266,1.1788,0.8475
18.800,1.00,1,4.9864,0.9973,0.2267,1.1788,0.8475
18.850,1.00,1,4.9870,0.9974,0.2267,1.1789,0.8475
18.900,1.00,1,4.9875,0.9975,0.2267,1.1789,0.8475
18.950,1.00,1,4.9881,0.9976,0.2267,1.1790,0.8475
19.000,1.00,1,4.9885,0.9977,0.2268,1.1790,0.8475
19.050,1.00,1,4.9890,0.9978,0.2268,1.1791,0.8475
19.100,1.00,1,4.9895,0.9979,0.2268,1.1791,0.8475
19.150,1.00,1,4.9899,0.9980,0.2268,1.1791,0.8475
19.200,1.00,1,4.9903,0.9981,0.2268,1.1792,0.8475
19.250,1.00,1,4.9907,0.9981,0.2269,1.1792,0.8475
19.300,1.00,1,4.9911,0.9982,0.2269,1.1792,0.8476
19.350,1.00,1,4.9915,0.9983,0.2269,1.1793,0.8476
19.400,1.00,1,4.9919,0.9984,0.2269,1.1793,0.8476
19.450,1.00,1,4.9922,0.9984,0.2269,1.1793,0.8476
19.500,1.00,1,4.9925,0.9985,0.2269,1.1794,0.8476
19.550,1.00,1,4.9928,0.9986,0.2269,1.1794,0.8476
19.600,1.00,1,4.9931,0.9986,0.2270,1.1794,0.8476
19.650,1.00,1,4.9934,0.9987,0.2270,1.1794,0.8476
19.700,1.00,1,4.9937,0.9987,0.2270,1.1795,0.8476
19.750,1.00,1,4.9940,0.9988,0.2270,1.1795,0.8476
19.800,1.00,1,4.9942,0.9988,0.2270,1.1795,0.8476
19.850,1.00,1,4.9944,0.9989,0.2270,1.1795,0.8476
19.900,1.00,1,4.9947,0.9989,0.2270,1.1795,0.8476
19.950,1.00,1,4.9949,0.9990,0.2270,1.1796,0.8476
20.000,1.00,2,5.1618,0.5735,0.2346,0.9966,0.8509
20.050,1.00,2,5.3217,0.5913,0.2419,1.0043,0.8540
20.100,1.00,2,5.4750,0.6083,0.2489,1.0116,0.8570
20.150,1.00,2,5.6218,0.6246,0.2555,1.0186,0.8599
20.200,1.00,2,5.7626,0.6403,0.2619,1.0253,0.8626
20.250,1.00,2,5.8975,0.6553,0.2681,1.0318,0.8653
20.300,1.00,2,6.0268,0.6696,0.2739,1.0379,0.8678
20.350,1.00,2,6.1506,0.6834,0.2796,1.0439,0.8702
20.400,1.00,2,6.2694,0.6966,0.2850,1.0495,0.8725
20.450,1.00,2,6.3831,0.7092,0.2901,1.0550,0.8748
20.500,1.00,2,6.4922,0.7214,0.2951,1.0602,0.8769
20.550,1.00,2,6.5967,0.7330,0.2998,1.0652,0.8789
20.600,1.00,2,6.6968,0.7441,0.3044,1.0700,0.8809
20.650,1.00,2,6.7928,0.7548,0.3088,1.0745,0.8828
20.700,1.00,2,6.8847,0.7650,0.3129,1.0789,0.8846
20.750,1.00,2,6.9729,0.7748,0.3169,1.0831,0.8863
20.800,1.00,2,7.0573,0.7841,0.3208,1.0872,0.8879
20.850,1.00,2,7.1383,0.7931,0.3245,1.0911,0.8895
20.900,1.00,2,7.2159,0.8018,0.3280,1.0948,0.8910
20.950,1.00,2,7.2902,0.8100,0.3314,1.0983,0.8925
21.000,1.00,2,7.3614,0.8179,0.3346,1.1017,0.8939
21.050,1.00,2,7.4297,0.8255,0.3377,1.1050,0.8952
21.100,1.00,2,7.4951,0.8328,0.3407,1.1081,0.8965
21.150,1.00,2,7.5578,0.8398,0.3435,1.1111,0.8977
21.200,1.00,2,7.6179,0.8464,0.3463,1.1140,0.8989
21.250,1.00,2,7.6755,0.8528,0.3489,1.1167,0.9000
21.300,1.00,2,7.7307,0.8590,0.3514,1.1194,0.9011
21.350,1.00,2,7.7836,0.8648,0.3538,1.1219,0.9021
21.400,1.00,2,7.8343,0.8705,0.3561,1.1243,0.9031
21.450,1.00,2,7.8829,0.8759,0.3583,1.1266,0.9041
21.500,1.00,2,7.9294,0.8810,0.3604,1.1288,0.9050
21.550,1.00,2,7.9740,0.8860,0.3625,1.1310,0.9059
21.600,1.00,2,8.0168,0.8908,0.3644,1.1330,0.9067
21.650,1.00,2,8.0577,0.8953,0.3663,1.1350,0.9075
21.700,1.00,2,8.0970,0.8997,0.3680,1.1369,0.9083
21.750,1.00,2,8.1346,0.9038,0.3698,1.1387,0.9090
21.800,1.00,2,8.1707,0.9079,0.3714,1.1404,0.9097
21.850,1.00,2,8.2052,0.9117,0.3730,1.1420,0.9104
21.900,1.00,2,8.2383,0.9154,0.3745,1.1436,0.9110
21.950,1.00,2,8.2701,0.9189,0.3759,1.1451,0.9116
22.000,1.00,2,8.3005,0.9223,0.3773,1.1466,0.9122
22.050,1.00,2,8.3296,0.9255,0.3786,1.1480,0.9128
22.100,1.00,2,8.3576,0.9286,0.3799,1.1493,0.9134
22.150,1.00,2,8.3843,0.9316,0.3811,1.1506,0.9139
22.200,1.00,2,8.4100,0.9344,0.3823,1.1518,0.9144
22.250,1.00,2,8.4346,0.9372,0.3834,1.1530,0.9149
22.300,1.00,2,8.4581,0.9398,0.3845,1.1541,0.9153
22.350,1.00,2,8.4807,0.9423,0.3855,1.1552,0.9158
22.400,1.00,2,8.5023,0.9447,0.3865,1.1562,0.9162
22.450,1.00,2,8.5231,0.9470,0.3874,1.1572,0.9166
22.500,1.00,2,8.5430,0.9492,0.3883,1.1582,0.9170
22.550,1.00,2,8.5620,0.9513,0.3892,1.1591,0.9173
22.600,1.00,2,8.5802,0.9534,0.3900,1.1599,0.9177
22.650,1.00,2,8.5977,0.9553,0.3908,1.1608,0.9180
22.700,1.00,2,8.6145,0.9572,0.3916,1.1616,0.9184
22.750,1.00,2,8.6306,0.9590,0.3923,1.1623,0.9187
22.800,1.00,2,8.6460,0.9607,0.3930,1.1631,0.9190
22.850,1.00,2,8.6607,0.9623,0.3937,1.1638,0.9193
22.900,1.00,2,8.6748,0.9639,0.3943,1.1645,0.9196
22.950,1.00,2,8.6884,0.9654,0.3949,1.1651,0.9198
23.000,1.00,2,8.7014,0.9668,0.3955,1.1657,0.9201
23.050,1.00,2,8.7138,0.9682,0.3961,1.1663,0.9203
23.100,1.00,2,8.7257,0.9695,0.3966,1.1669,0.9205
23.150,1.00,2,8.7372,0.9708,0.3971,1.1674,0.9208
23.200,1.00,2,8.7481,0.9720,0.3976,1.1680,0.9210
23.250,1.00,2,8.7586,0.9732,0.3981,1.1685,0.9212
23.300,1.00,2,8.7687,0.9743,0.3986,1.1689,0.9214
23.350,1.00,2,8.7783,0.9754,0.3990,1.1694,0.9216
23.400,1.00,2,8.7875,0.9764,0.3994,1.1698,0.9218
23.450,1.00,2,8.7964,0.9774,0.3998,1.1703,0.9219
23.500,1.00,2,8.8049,0.9783,0.4002,1.1707,0.9221
23.550,1.00,2,8.8130,0.9792,0.4006,1.1711,0.9223
23.600,1.00,2,8.8208,0.9801,0.4009,1.1714,0.9224
23.650,1.00,2,8.8283,0.9809,0.4013,1.1718,0.9226
23.700,1.00,2,8.8354,0.9817,0.4016,1.1721,0.9227
23.750,1.00,2,8.8423,0.9825,0.4019,1.1725,0.9228
23.800,1.00,2,8.8489,0.9832,0.4022,1.1728,0.9230
23.850,1.00,2,8.8552,0.9839,0.4025,1.1731,0.9231
23.900,1.00,2,8.8612,0.9846,0.4028,1.1734,0.9232
23.950,1.00,2,8.8670,0.9852,0.4030,1.1736,0.9233
24.000,1.00,2,8.8725,0.9858,0.4033,1.1739,0.9234
24.050,1.00,2,8.8778,0.9864,0.4035,1.1742,0.9235
24.100,1.00,2,8.8829,0.9870,0.4038,1.1744,0.9236
24.150,1.00,2,8.8878,0.9875,0.4040,1.1746,0.9237
24.200,1.00,2,8.8925,0.9881,0.4042,1.1749,0.9238
24.250,1.00,2,8.8970,0.9886,0.4044,1.1751,0.9239
24.300,1.00,2,8.9012,0.9890,0.4046,1.1753,0.9240
24.350,1.00,2,8.9054,0.9895,0.4048,1.1755,0.9241
24.400,1.00,2,8.9093,0.9899,0.4050,1.1757,0.9241
24.450,1.00,2,8.9131,0.9903,0.4051,1.1758,0.9242
24.500,1.00,2,8.9167,0.9907,0.4053,1.1760,0.9243
24.550,1.00,2,8.9202,0.9911,0.4055,1.1762,0.9243
24.600,1.00,2,8.9235,0.9915,0.4056,1.1763,0.9244
24.650,1.00,2,8.9267,0.9919,0.4058,1.1765,0.9245
24.700,1.00,2,8.9297,0.9922,0.4059,1.1766,0.9245
24.750,1.00,2,8.9327,0.9925,0.4060,1.1768,0.9246
24.800,1.00,2,8.9355,0.9928,0.4062,1.1769,0.9246
24.850,1.00,2,8.9382,0.9931,0.4063,1.1770,0.9247
24.900,1.00,2,8.9407,0.9934,0.4064,1.1772,0.9248
24.950,1.00,2,8.9432,0.9937,0.4065,1.1773,0.9248
25.000,1.00,2,8.9456,0.9940,0.4066,1.1774,0.9248
25.050,1.00,2,8.9478,0.9942,0.4067,1.1775,0.9249
25.100,1.00,2,8.9500,0.9944,0.4068,1.1776,0.9249
25.150,1.00,2,8.9521,0.9947,0.4069,1.1777,0.9250
25.200,1.00,2,8.9541,0.9949,0.4070,1.1778,0.9250
25.250,1.00,2,8.9560,0.9951,0.4071,1.1779,0.9250
25.300,1.00,2,8.9578,0.9953,0.4072,1.1780,0.9251
25.350,1.00,2,8.9596,0.9955,0.4073,1.1781,0.9251
25.400,1.00,2,8.9613,0.9957,0.4073,1.1782,0.9252
25.450,1.00,2,8.9629,0.9959,0.4074,1.1782,0.9252
25.500,1.00,2,8.9644,0.9960,0.4075,1.1783,0.9252
25.550,1.00,2,8.9659,0.9962,0.4075,1.1784,0.9252
25.600,1.00,2,8.9673,0.9964,0.4076,1.1784,0.9253
25.650,1.00,2,8.9687,0.9965,0.4077,1.1785,0.9253
25.700,1.00,2,8.9700,0.9967,0.4077,1.1786,0.9253
25.750,1.00,2,8.9713,0.9968,0.4078,1.1786,0.9253
25.800,1.00,2,8.9725,0.9969,0.4078,1.1787,0.9254
25.850,1.00,2,8.9736,0.9971,0.4079,1.1787,0.9254
25.900,1.00,2,8.9747,0.9972,0.4079,1.1788,0.9254
25.950,1.00,2,8.9758,0.9973,0.4080,1.1788,0.9254
26.000,1.00,2,8.9768,0.9974,0.4080,1.1789,0.9255
26.050,1.00,2,8.9777,0.9975,0.4081,1.1789,0.9255
26.100,1.00,2,8.9787,0.9976,0.4081,1.1790,0.9255
26.150,1.00,2,8.9796,0.9977,0.4082,1.1790,0.9255
26.200,1.00,2,8.9804,0.9978,0.4082,1.1791,0.9255
26.250,1.00,2,8.9812,0.9979,0.4082,1.1791,0.9255
26.300,1.00,2,8.9820,0.9980,0.4083,1.1791,0.9256
26.350,1.00,2,8.9828,0.9981,0.4083,1.1792,0.9256
26.400,1.00,2,8.9835,0.9982,0.4083,1.1792,0.9256
26.450,1.00,2,8.9842,0.9982,0.4084,1.1792,0.9256
26.500,1.00,2,8.9848,0.9983,0.4084,1.1793,0.9256
26.550,1.00,2,8.9855,0.9984,0.4084,1.1793,0.9256
26.600,1.00,2,8.9861,0.9985,0.4085,1.1793,0.9256
26.650,1.00,2,8.9866,0.9985,0.4085,1.1794,0.9256
26.700,1.00,2,8.9872,0.9986,0.4085,1.1794,0.9257
26.750,1.00,2,8.9877,0.9986,0.4085,1.1794,0.9257
26.800,1.00,2,8.9882,0.9987,0.4086,1.1794,0.9257
26.850,1.00,2,8.9887,0.9987,0.4086,1.1795,0.9257
26.900,1.00,2,8.9892,0.9988,0.4086,1.1795,0.9257
26.950,1.00,2,8.9897,0.9989,0.4086,1.1795,0.9257
27.000,1.00,2,8.9901,0.9989,0.4086,1.1795,0.9257
27.050,1.00,2,8.9905,0.9989,0.4087,1.1795,0.9257
27.100,1.00,2,8.9909,0.9990,0.4087,1.1796,0.9257
27.150,1.00,2,8.9913,0.9990,0.4087,1.1796,0.9257
27.200,1.00,2,8.9916,0.9991,0.4087,1.1796,0.9257
27.250,1.00,2,8.9920,0.9991,0.4087,1.1796,0.9258
27.300,1.00,2,8.9923,0.9991,0.4087,1.1796,0.9258
27.350,1.00,2,8.9926,0.9992,0.4088,1.1796,0.9258
27.400,1.00,2,8.9929,0.9992,0.4088,1.1797,0.9258
27.450,1.00,2,8.9932,0.9992,0.4088,1.1797,0.9258
27.500,1.00,2,8.9935,0.9993,0.4088,1.1797,0.9258
27.550,1.00,2,8.9938,0.9993,0.4088,1.1797,0.9258
27.600,1.00,2,8.9940,0.9993,0.4088,1.1797,0.9258
27.650,1.00,2,8.9943,0.9994,0.4088,1.1797,0.9258
27.700,1.00,2,8.9945,0.9994,0.4088,1.1797,0.9258
27.750,1.00,2,8.9948,0.9994,0.4089,1.1797,0.9258
27.800,1.00,2,8.9950,0.9994,0.4089,1.1798,0.9258
27.850,1.00,2,8.9952,0.9995,0.4089,1.1798,0.9258
27.900,1.00,2,8.9954,0.9995,0.4089,1.1798,0.9258
27.950,1.00,2,8.9956,0.9995,0.4089,1.1798,0.9258
28.000,1.00,3,9.2041,0.6574,0.4184,1.0327,0.9299
28.050,1.00,3,9.4039,0.6717,0.4275,1.0388,0.9338
28.100,1.00,3,9.5954,0.6854,0.4362,1.0447,0.9375
28.150,1.00,3,9.7790,0.6985,0.4445,1.0504,0.9411
28.200,1.00,3,9.9548,0.7111,0.4525,1.0558,0.9446
28.250,1.00,3,10.1234,0.7231,0.4602,1.0609,0.9479
28.300,1.00,3,10.2849,0.7346,0.4675,1.0659,0.9510
28.350,1.00,3,10.4397,0.7457,0.4745,1.0706,0.9540
28.400,1.00,3,10.5880,0.7563,0.4813,1.0752,0.9569
28.450,1.00,3,10.7302,0.7664,0.4877,1.0796,0.9597
28.500,1.00,3,10.8665,0.7762,0.4939,1.0838,0.9624
28.550,1.00,3,10.9970,0.7855,0.4999,1.0878,0.9649
28.600,1.00,3,11.1221,0.7944,0.5056,1.0916,0.9674
28.650,1.00,3,11.2421,0.8030,0.5110,1.0953,0.9697
28.700,1.00,3,11.3570,0.8112,0.5162,1.0988,0.9720
28.750,1.00,3,11.4671,0.8191,0.5212,1.1022,0.9741
28.800,1.00,3,11.5726,0.8266,0.5260,1.1054,0.9762
28.850,1.00,3,11.6738,0.8338,0.5306,1.1086,0.9782
28.900,1.00,3,11.7707,0.8408,0.5350,1.1115,0.9801
28.950,1.00,3,11.8636,0.8474,0.5393,1.1144,0.9819
29.000,1.00,3,11.9526,0.8538,0.5433,1.1171,0.9836
29.050,1.00,3,12.0379,0.8599,0.5472,1.1197,0.9853
29.100,1.00,3,12.1197,0.8657,0.5509,1.1222,0.9869
29.150,1.00,3,12.1980,0.8713,0.5545,1.1247,0.9884
29.200,1.00,3,12.2731,0.8766,0.5579,1.1270,0.9899
29.250,1.00,3,12.3450,0.8818,0.5611,1.1292,0.9913
29.300,1.00,3,12.4140,0.8867,0.5643,1.1313,0.9926
29.350,1.00,3,12.4801,0.8914,0.5673,1.1333,0.9939
29.400,1.00,3,12.5434,0.8960,0.5702,1.1353,0.9952
29.450,1.00,3,12.6041,0.9003,0.5729,1.1371,0.9964
29.500,1.00,3,12.6623,0.9044,0.5756,1.1389,0.9975
29.550,1.00,3,12.7180,0.9084,0.5781,1.1406,0.9986
29.600,1.00,3,12.7714,0.9122,0.5805,1.1423,0.9996
29.650,1.00,3,12.8226,0.9159,0.5828,1.1438,1.0006
29.700,1.00,3,12.8717,0.9194,0.5851,1.1453,1.0016
29.750,1.00,3,12.9187,0.9228,0.5872,1.1468,1.0025
29.800,1.00,3,12.9637,0.9260,0.5893,1.1482,1.0034
29.850,1.00,3,13.0069,0.9291,0.5912,1.1495,1.0042
29.900,1.00,3,13.0483,0.9320,0.5931,1.1508,1.0050
29.950,1.00,3,13.0880,0.9349,0.5949,1.1520,1.0058
30.000,1.00,3,13.1260,0.9376,0.5966,1.1532,1.0066
30.050,1.00,3,13.1624,0.9402,0.5983,1.1543,1.0073
30.100,1.00,3,13.1973,0.9427,0.5999,1.1553,1.0079
30.150,1.00,3,13.2307,0.9451,0.6014,1.1564,1.0086
30.200,1.00,3,13.2628,0.9473,0.6029,1.1574,1.0092
30.250,1.00,3,13.2935,0.9495,0.6042,1.1583,1.0098
30.300,1.00,3,13.3229,0.9516,0.6056,1.1592,1.0104
30.350,1.00,3,13.3511,0.9537,0.6069,1.1601,1.0110
30.400,1.00,3,13.3782,0.9556,0.6081,1.1609,1.0115
30.450,1.00,3,13.4041,0.9574,0.6093,1.1617,1.0120
30.500,1.00,3,13.4289,0.9592,0.6104,1.1625,1.0125
30.550,1.00,3,13.4527,0.9609,0.6115,1.1632,1.0129
30.600,1.00,3,13.4755,0.9625,0.6125,1.1639,1.0134
30.650,1.00,3,13.4974,0.9641,0.6135,1.1646,1.0138
30.700,1.00,3,13.5183,0.9656,0.6145,1.1652,1.0142
30.750,1.00,3,13.5384,0.9670,0.6154,1.1658,1.0146
30.800,1.00,3,13.5576,0.9684,0.6163,1.1664,1.0150
30.850,1.00,3,13.5760,0.9697,0.6171,1.1670,1.0154
30.900,1.00,3,13.5937,0.9710,0.6179,1.1675,1.0157
30.950,1.00,3,13.6106,0.9722,0.6187,1.1680,1.0160
31.000,1.00,3,13.6269,0.9733,0.6194,1.1685,1.0163
31.050,1.00,3,13.6424,0.9745,0.6201,1.1690,1.0166
31.100,1.00,3,13.6573,0.9755,0.6208,1.1695,1.0169
31.150,1.00,3,13.6716,0.9765,0.6214,1.1699,1.0172
31.200,1.00,3,13.6853,0.9775,0.6221,1.1703,1.0175
31.250,1.00,3,13.6984,0.9785,0.6227,1.1707,1.0177
31.300,1.00,3,13.7110,0.9794,0.6232,1.1711,1.0180
31.350,1.00,3,13.7230,0.9802,0.6238,1.1715,1.0182
31.400,1.00,3,13.7345,0.9810,0.6243,1.1718,1.0184
31.450,1.00,3,13.7456,0.9818,0.6248,1.1722,1.0187
31.500,1.00,3,13.7562,0.9826,0.6253,1.1725,1.0189
31.550,1.00,3,13.7664,0.9833,0.6257,1.1728,1.0191
31.600,1.00,3,13.7761,0.9840,0.6262,1.1731,1.0193
31.650,1.00,3,13.7854,0.9847,0.6266,1.1734,1.0194
31.700,1.00,3,13.7944,0.9853,0.6270,1.1737,1.0196
31.750,1.00,3,13.8029,0.9859,0.6274,1.1739,1.0198
31.800,1.00,3,13.8111,0.9865,0.6278,1.1742,1.0199
31.850,1.00,3,13.8190,0.9871,0.6281,1.1744,1.0201
31.900,1.00,3,13.8266,0.9876,0.6285,1.1747,1.0202
31.950,1.00,3,13.8338,0.9881,0.6288,1.1749,1.0204
32.000,1.00,3,13.8407,0.9886,0.6291,1.1751,1.0205
32.050,1.00,3,13.8473,0.9891,0.6294,1.1753,1.0207
32.100,1.00,3,13.8537,0.9896,0.6297,1.1755,1.0208
32.150,1.00,3,13.8598,0.9900,0.6300,1.1757,1.0209
32.200,1.00,3,13.8656,0.9904,0.6303,1.1759,1.0210
32.250,1.00,3,13.8712,0.9908,0.6305,1.1760,1.0211
32.300,1.00,3,13.8766,0.9912,0.6308,1.1762,1.0212
32.350,1.00,3,13.8817,0.9916,0.6310,1.1764,1.0213
32.400,1.00,3,13.8867,0.9919,0.6312,1.1765,1.0214
32.450,1.00,3,13.8914,0.9922,0.6314,1.1767,1.0215
32.500,1.00,3,13.8959,0.9926,0.6316,1.1768,1.0216
32.550,1.00,3,13.9003,0.9929,0.6318,1.1769,1.0217
32.600,1.00,3,13.9044,0.9932,0.6320,1.1771,1.0218
32.650,1.00,3,13.9084,0.9935,0.6322,1.1772,1.0218
32.700,1.00,3,13.9122,0.9937,0.6324,1.1773,1.0219
32.750,1.00,3,13.9159,0.9940,0.6325,1.1774,1.0220
32.800,1.00,3,13.9194,0.9942,0.6327,1.1775,1.0221
32.850,1.00,3,13.9227,0.9945,0.6329,1.1776,1.0221
32.900,1.00,3,13.9260,0.9947,0.6330,1.1777,1.0222
32.950,1.00,3,13.9290,0.9949,0.6331,1.1778,1.0222
33.000,1.00,3,13.9320,0.9951,0.6333,1.1779,1.0223
33.050,1.00,3,13.9348,0.9953,0.6334,1.1780,1.0224
33.100,1.00,3,13.9375,0.9955,0.6335,1.1781,1.0224
33.150,1.00,3,13.9401,0.9957,0.6336,1.1782,1.0225
33.200,1.00,3,13.9426,0.9959,0.6338,1.1782,1.0225
33.250,1.00,3,13.9450,0.9961,0.6339,1.1783,1.0226
33.300,1.00,3,13.9473,0.9962,0.6340,1.1784,1.0226
33.350,1.00,3,13.9495,0.9964,0.6341,1.1784,1.0226
33.400,1.00,3,13.9516,0.9965,0.6342,1.1785,1.0227
33.450,1.00,3,13.9536,0.9967,0.6343,1.1786,1.0227
33.500,1.00,3,13.9556,0.9968,0.6343,1.1786,1.0228
33.550,1.00,3,13.9574,0.9970,0.6344,1.1787,1.0228
33.600,1.00,3,13.9592,0.9971,0.6345,1.1787,1.0228
33.650,1.00,3,13.9609,0.9972,0.6346,1.1788,1.0229
33.700,1.00,3,13.9625,0.9973,0.6347,1.1788,1.0229
33.750,1.00,3,13.9641,0.9974,0.6347,1.1789,1.0229
33.800,1.00,3,13.9656,0.9975,0.6348,1.1789,1.0230
33.850,1.00,3,13.9670,0.9976,0.6349,1.1790,1.0230
33.900,1.00,3,13.9684,0.9977,0.6349,1.1790,1.0230
33.950,1.00,3,13.9697,0.9978,0.6350,1.1791,1.0230
34.000,0.00,3,13.3876,0.9563,0.6085,1.1612,1.0117
34.050,0.00,3,12.8298,0.9164,0.5832,1.1441,1.0008
34.100,0.00,3,12.2952,0.8782,0.5589,1.1276,0.9903
34.150,0.00,3,11.7829,0.8416,0.5356,1.1119,0.9803
34.200,0.00,3,11.2920,0.8066,0.5133,1.0968,0.9707
34.250,0.00,3,10.8215,0.7730,0.4919,1.0824,0.9615
34.300,0.00,3,10.3706,0.7408,0.4714,1.0685,0.9527
34.350,0.00,3,9.9385,0.7099,0.4517,1.0553,0.9443
34.400,0.00,3,9.5244,0.6803,0.4329,1.0425,0.9362
34.450,0.00,3,9.1275,0.6520,0.4149,1.0303,0.9284
34.500,0.00,3,8.7472,0.6248,0.3976,1.0187,0.9210
34.550,0.00,3,8.3827,0.5988,0.3810,1.0075,0.9138
34.600,0.00,3,8.0335,0.5738,0.3652,0.9967,0.9070
34.650,0.00,3,7.6987,0.5499,0.3499,0.9865,0.9005
34.700,0.00,3,7.3780,0.5270,0.3354,0.9766,0.8942
34.750,0.00,3,7.0705,0.5050,0.3214,0.9672,0.8882
34.800,0.00,3,6.7759,0.4840,0.3080,0.9581,0.8824
34.850,0.00,3,6.4936,0.4638,0.2952,0.9494,0.8769
34.900,0.00,3,6.2230,0.4445,0.2829,0.9411,0.8716
34.950,0.00,3,5.9637,0.4260,0.2711,0.9332,0.8666
35.000,0.00,3,5.7153,0.4082,0.2598,0.9255,0.8617
35.050,0.00,3,5.4771,0.3912,0.2490,0.9182,0.8571
35.100,0.00,3,5.2489,0.3749,0.2386,0.9112,0.8526
35.150,0.00,3,5.0302,0.3593,0.2286,0.9045,0.8483
35.200,0.00,3,4.8206,0.3443,0.2191,0.8981,0.8442
35.250,0.00,3,4.6198,0.3300,0.2100,0.8919,0.8403
35.300,0.00,3,4.4273,0.3162,0.2012,0.8860,0.8365
35.350,0.00,3,4.2428,0.3031,0.1929,0.8803,0.8329
35.400,0.00,3,4.0660,0.2904,0.1848,0.8749,0.8295
35.450,0.00,3,3.8966,0.2783,0.1771,0.8697,0.8262
35.500,0.00,3,3.7342,0.2667,0.1697,0.8647,0.8230
35.550,0.00,3,3.5786,0.2556,0.1627,0.8599,0.8199
35.600,0.00,3,3.4295,0.2450,0.1559,0.8553,0.8170
35.650,0.00,3,3.2866,0.2348,0.1500,0.8509,0.8145
35.700,0.00,3,3.1497,0.2250,0.1500,0.8467,0.8145
35.750,0.00,3,3.0185,0.2156,0.1500,0.8427,0.8145
35.800,0.00,3,2.8927,0.2066,0.1500,0.8388,0.8145
35.850,0.00,3,2.7722,0.1980,0.1500,0.8351,0.8145
35.900,0.00,3,2.6567,0.1898,0.1500,0.8316,0.8145
35.950,0.00,3,2.5460,0.1819,0.1500,0.8282,0.8145
36.000,0.00,3,2.4399,0.1743,0.1500,0.8249,0.8145
36.050,0.00,3,2.3382,0.1670,0.1500,0.8218,0.8145
36.100,0.00,3,2.2408,0.1601,0.1500,0.8188,0.8145
36.150,0.00,3,2.1474,0.1534,0.1500,0.8160,0.8145
36.200,0.00,3,2.0579,0.1500,0.1500,0.8145,0.8145
36.250,0.00,3,1.9722,0.1500,0.1500,0.8145,0.8145
36.300,0.00,3,1.8900,0.1500,0.1500,0.8145,0.8145
36.350,0.00,3,1.8113,0.1500,0.1500,0.8145,0.8145
36.400,0.00,3,1.7358,0.1500,0.1500,0.8145,0.8145
36.450,0.00,3,1.6635,0.1500,0.1500,0.8145,0.8145
36.500,0.00,3,1.5942,0.1500,0.1500,0.8145,0.8145
36.550,0.00,3,1.5277,0.1500,0.1500,0.8145,0.8145
36.600,0.00,3,1.4641,0.1500,0.1500,0.8145,0.8145
36.650,0.00,3,1.4031,0.1500,0.1500,0.8145,0.8145
36.700,0.00,3,1.3446,0.1500,0.1500,0.8145,0.8145
36.750,0.00,3,1.2886,0.1500,0.1500,0.8145,0.8145
36.800,0.00,3,1.2349,0.1500,0.1500,0.8145,0.8145
36.850,0.00,3,1.1834,0.1500,0.1500,0.8145,0.8145
36.900,0.00,3,1.1341,0.1500,0.1500,0.8145,0.8145
36.950,0.00,3,1.0869,0.1500,0.1500,0.8145,0.8145
37.000,0.00,3,1.0416,0.1500,0.1500,0.8145,0.8145
37.050,0.00,3,0.9982,0.1500,0.1500,0.8145,0.8145
37.100,0.00,3,0.9566,0.1500,0.1500,0.8145,0.8145
37.150,0.00,3,0.9167,0.1500,0.1500,0.8145,0.8145
37.200,0.00,3,0.8785,0.1500,0.1500,0.8145,0.8145
37.250,0.00,3,0.8419,0.1500,0.1500,0.8145,0.8145
37.300,0.00,3,0.8069,0.1500,0.1500,0.8145,0.8145
37.350,0.00,3,0.7732,0.1500,0.1500,0.8145,0.8145
37.400,0.00,3,0.7410,0.1500,0.1500,0.8145,0.8145
37.450,0.00,3,0.7101,0.1500,0.1500,0.8145,0.8145
37.500,0.00,3,0.6806,0.1500,0.1500,0.8145,0.8145
37.550,0.00,3,0.6522,0.1500,0.1500,0.8145,0.8145
37.600,0.00,3,0.6250,0.1500,0.1500,0.8145,0.8145
37.650,0.00,3,0.5990,0.1500,0.1500,0.8145,0.8145
37.700,0.00,3,0.5740,0.1500,0.1500,0.8145,0.8145
37.750,0.00,3,0.5501,0.1500,0.1500,0.8145,0.8145
37.800,0.00,3,0.5272,0.1500,0.1500,0.8145,0.8145
37.850,0.00,3,0.5052,0.1500,0.1500,0.8145,0.8145
37.900,0.00,3,0.4842,0.1500,0.1500,0.8145,0.8145
37.950,0.00,3,0.4640,0.1500,0.1500,0.8145,0.8145
38.000,0.00,3,0.4447,0.1500,0.1500,0.8145,0.8145
38.050,0.00,3,0.4261,0.1500,0.1500,0.8145,0.8145
38.100,0.00,3,0.4084,0.1500,0.1500,0.8145,0.8145
38.150,0.00,3,0.3914,0.1500,0.1500,0.8145,0.8145
38.200,0.00,3,0.3751,0.1500,0.1500,0.8145,0.8145
38.250,0.00,3,0.3594,0.1500,0.1500,0.8145,0.8145
38.300,0.00,3,0.3445,0.1500,0.1500,0.8145,0.8145
38.350,0.00,3,0.3301,0.1500,0.1500,0.8145,0.8145
38.400,0.00,3,0.3163,0.1500,0.1500,0.8145,0.8145
38.450,0.00,3,0.3032,0.1500,0.1500,0.8145,0.8145
38.500,0.00,3,0.2905,0.1500,0.1500,0.8145,0.8145
38.550,0.00,3,0.2784,0.1500,0.1500,0.8145,0.8145
38.600,0.00,3,0.2668,0.1500,0.1500,0.8145,0.8145
38.650,0.00,3,0.2557,0.1500,0.1500,0.8145,0.8145
38.700,0.00,3,0.2451,0.1500,0.1500,0.8145,0.8145
38.750,0.00,3,0.2348,0.1500,0.1500,0.8145,0.8145
38.800,0.00,3,0.2251,0.1500,0.1500,0.8145,0.8145
38.850,0.00,3,0.2157,0.1500,0.1500,0.8145,0.8145
38.900,0.00,3,0.2067,0.1500,0.1500,0.8145,0.8145
38.950,0.00,3,0.1981,0.1500,0.1500,0.8145,0.8145
39.000,0.00,3,0.1898,0.1500,0.1500,0.8145,0.8145
39.050,0.00,3,0.1819,0.1500,0.1500,0.8145,0.8145
39.100,0.00,3,0.1743,0.1500,0.1500,0.8145,0.8145
39.150,0.00,3,0.1671,0.1500,0.1500,0.8145,0.8145
39.200,0.00,3,0.1601,0.1500,0.1500,0.8145,0.8145
39.250,0.00,3,0.1534,0.1500,0.1500,0.8145,0.8145
39.300,0.00,3,0.1470,0.1500,0.1500,0.8145,0.8145
39.350,0.00,3,0.1409,0.1500,0.1500,0.8145,0.8145
39.400,0.00,3,0.1351,0.1500,0.1500,0.8145,0.8145
39.450,0.00,3,0.1294,0.1500,0.1500,0.8145,0.8145
39.500,0.00,3,0.1240,0.1500,0.1500,0.8145,0.8145
39.550,0.00,3,0.1189,0.1500,0.1500,0.8145,0.8145
39.600,0.00,3,0.1139,0.1500,0.1500,0.8145,0.8145
39.650,0.00,3,0.1092,0.1500,0.1500,0.8145,0.8145
39.700,0.00,3,0.1046,0.1500,0.1500,0.8145,0.8145
39.750,0.00,3,0.1003,0.1500,0.1500,0.8145,0.8145
39.800,0.00,3,0.0961,0.1500,0.1500,0.8145,0.8145
39.850,0.00,3,0.0921,0.1500,0.1500,0.8145,0.8145
39.900,0.00,3,0.0882,0.1500,0.1500,0.8145,0.8145
39.950,0.00,3,0.0846,0.1500,0.1500,0.8145,0.8145
